나이,성별,결혼,종교,학위,부서,이직계획유무,건강상태,근무지역,공감_tot,공감_com,공감_sen,공감_ins,이직여부,이직+퇴직여부,임상경력(일),병동경력(일),최종임상경력(일),최종병동경력(일)_참고만,최종임상경력(월),최종임상경력(월)_소수점 반올림,최종임상경력(년),년차_2
27,2,2,1,1,1,2,2,3,3.65,3.63,3.6,3.75,0,0,2460,1125,2460,1125,82,82,7,4
30,2,2,1,1,2,1,2,1,3.94,3.75,4,4.25,0,0,3920,2310,3920,2310,131,131,11,4
33,2,2,5,2,2,2,2,1,3.12,3,3.4,3,0,0,3315,2950,3315,2950,111,111,10,4
35,2,2,2,2,2,1,3,1,3.94,3.63,4.4,4,1,1,4345,485,4194,334,140,140,12,4
30,2,2,2,2,1,1,2,1,4.29,4.63,4,4,0,0,4285,2585,4285,2585,143,143,12,4
26,2,2,2,2,1,1,2,1,3.88,3.88,4.2,3.5,0,0,2585,1550,2585,1550,86,86,8,4
32,2,2,5,2,1,1,2,1,3.94,4,4,3.75,0,0,3680,970,3680,970,123,123,11,4
32,2,2,5,1,2,1,3,4,3.88,3.75,4.4,3.5,0,0,4045,1030,4045,1030,135,135,12,4
38,2,1,5,2,2,2,2,1,3.12,2.75,4.2,2.5,0,0,4345,4345,4345,4345,145,145,13,4
28,2,2,5,2,2,1,2,1,3.82,3.38,4.4,4,0,0,2645,790,2645,790,88,88,8,4
35,2,1,1,1,1,1,3,4,2.53,2.63,2.8,2,1,1,3680,760,3025,105,101,101,9,4
32,2,1,3,2,2,1,3,5,3.59,3.38,4.2,3.25,0,0,3680,425,3680,425,123,123,11,4
30,2,1,5,2,1,1,3,1,3.53,3.38,3.6,3.75,0,1,3950,2250,3879,2179,129,129,11,4
27,2,2,5,2,1,2,3,5,2.88,3.13,2.8,2.5,0,0,2585,1125,2585,1125,86,86,8,4
46,2,1,1,1,2,2,2,1,3.76,3.75,3.8,3.75,0,0,4165,850,4165,850,139,139,12,4
27,2,2,2,2,1,1,4,3,3.76,3.5,3.8,4.25,1,1,1730,455,1387,112,46,46,4,3
28,2,1,5,2,2,1,3,1,3.06,3,3.4,2.75,1,1,3680,1125,3001,446,100,100,9,4
27,2,2,1,2,1,2,1,1,3.41,3.25,4.2,2.75,0,0,1855,1490,1855,1490,62,62,7,3
26,2,2,5,1,1,1,2,5,3.76,4,3.6,3.5,0,0,2585,2400,2585,2400,86,86,8,4
27,2,2,5,1,2,1,1,1,3.35,3.25,3.4,3.5,0,0,2855,1490,2855,1490,95,95,8,4
27,2,2,5,2,2,1,2,1,3.12,3.5,2.8,2.75,0,0,1275,1490,1275,1490,43,43,4,3
30,2,2,1,2,2,1,3,1,3.76,3.75,3.6,4,1,1,3315,575,3019,279,101,101,9,4
26,2,2,5,2,1,1,2,1,3.71,3.63,4,3.5,0,0,1550,970,1550,970,52,52,6,3
25,2,2,3,2,1,1,2,3,3.71,3.75,3.8,3.5,1,1,1490,515,1019,44,34,34,3,2
35,2,1,1,1,2,1,2,3,4.18,4.13,4,4.5,0,0,4075,4075,4075,4075,136,136,12,4
32,2,1,1,2,1,1,2,1,4.35,4.25,4.4,4.5,0,0,3890,1000,3890,1000,130,130,11,4
42,2,1,1,2,2,2,1,1,3.35,3.5,3.6,2.75,0,0,4045,2460,4045,2460,135,135,12,4
28,2,2,5,2,1,2,2,1,3.76,3.63,3.8,4,0,0,3980,2950,3980,2950,133,133,12,4
26,2,2,1,1,2,2,2,1,3.94,3.88,4.2,3.75,0,0,2520,1640,2520,1640,84,84,7,4
29,2,1,1,2,1,1,3,5,3.35,3,4.2,3,0,0,2765,1855,2765,1855,92,92,8,4
28,2,1,2,2,2,2,3,1,3.71,3.5,4,3.75,1,1,2220,395,2114,289,70,70,7,3
31,2,1,5,2,2,1,3,1,3.47,3.13,4.2,3.25,0,0,2220,1490,2220,1490,74,74,7,4
26,2,2,5,2,1,1,3,1,3.71,3.88,3.6,3.5,0,0,1245,790,1245,790,42,42,4,3
28,2,1,1,2,2,2,2,5,3.76,3.5,4,4,0,0,3250,1245,3250,1245,108,108,9,4
29,2,1,3,2,1,1,2,1,3.59,3,4.6,3.5,1,1,2065,665,1352,-48,45,45,4,3
39,2,1,2,2,1,1,3,4,4,4.13,4,3.75,0,0,3315,2220,3315,2220,111,111,10,4
27,2,2,5,2,2,1,2,1,3.65,3.38,4,3.75,1,1,2585,545,1944,-96,65,65,7,3
50,2,1,5,1,1,1,2,1,3.06,3.25,2.8,3,0,0,3010,1580,3010,1580,100,100,9,4
24,2,2,5,2,2,1,2,1,3.47,3.75,3.6,2.75,0,0,1550,1395,1550,1395,52,52,6,3
27,2,2,5,2,1,1,2,1,3.47,3.63,3.4,3.25,1,1,2615,1215,1875,475,63,63,7,3
26,2,2,5,2,1,1,2,1,3.53,3.63,3.6,3.25,1,1,1125,485,530,-110,18,18,2,2
40,2,2,2,2,1,1,3,1,4,4.5,3.6,3.5,1,1,4045,665,3698,318,123,123,11,4
43,2,1,1,1,1,2,2,2,4,4,4.4,3.5,0,0,4045,1490,4045,1490,135,135,12,4
31,2,2,5,1,1,1,2,1,3.65,3.63,4,3.25,0,0,2980,2370,2980,2370,99,99,9,4
25,2,2,5,2,2,1,3,3,3,3.13,2.8,3,0,0,1790,1490,1790,1490,60,60,6,3
30,2,2,5,2,1,1,3,1,4.29,4.25,4.6,4,1,1,3435,1640,2718,923,91,91,8,4
27,2,2,5,2,2,2,2,1,3.12,3,3.4,3,1,1,1425,790,913,278,30,30,3,2
50,2,1,1,1,1,2,3,1,4.47,4.63,4.4,4.25,1,1,4075,515,3937,377,131,131,11,4
28,2,2,2,2,1,1,2,5,3.53,3.88,3.4,3,1,1,2250,395,1535,-320,51,51,6,3
26,2,2,5,2,2,2,2,1,3.47,3.88,3.4,2.75,0,0,1975,1550,1975,1550,66,66,7,3
34,2,1,5,1,2,1,3,4,4.18,4.25,4.2,4,1,1,3250,485,2851,86,95,95,8,4
34,2,2,3,2,1,2,2,1,3.76,3.5,4.2,3.75,1,1,4345,605,4115,375,137,137,12,4
28,2,2,5,2,1,1,2,1,3.71,3.5,4,3.75,0,0,2795,1490,2795,1490,93,93,8,4
32,1,1,2,1,2,2,2,4,3.82,3.63,4,4,0,0,2950,1520,2950,1520,98,98,9,4
28,2,2,5,1,2,2,2,3,3.59,3.75,3.6,3.25,1,1,2765,2035,2505,1775,84,84,7,4
32,2,1,3,1,2,1,3,1,4.06,4.25,4,3.75,0,0,850,850,850,850,28,28,3,2
28,2,2,5,2,2,2,2,3,3.59,3.25,4,3.75,0,0,3220,1125,3220,1125,107,107,9,4
26,2,2,5,2,2,1,2,1,3.59,3.63,3.8,3.25,0,0,2765,1305,2765,1305,92,92,8,4
27,2,2,5,1,1,2,3,5,3.65,4.13,3.2,3.25,0,0,3615,1885,3615,1885,121,121,11,4
24,2,2,2,2,2,1,2,1,4.47,4.63,4.8,3.75,1,1,1490,910,896,316,30,30,3,2
27,2,2,5,2,1,2,3,1,3.71,3.88,4,3,0,0,2980,1520,2980,1520,99,99,9,4
29,2,2,5,2,2,2,2,1,3.59,3.63,3.6,3.5,0,0,2735,2735,2735,2735,91,91,8,4
30,2,2,2,2,2,1,2,1,3.47,3.75,3,3.5,1,1,2220,605,1904,289,63,63,7,3
24,2,2,1,2,2,1,3,1,4,4,4,4,0,0,1760,760,1760,760,59,59,6,3
25,2,2,1,1,2,2,2,1,3.59,3.88,3.6,3,0,0,2585,2585,2585,2585,86,86,8,4
26,2,2,5,2,2,2,2,1,3.53,3.88,3.4,3,0,0,4045,760,4045,760,135,135,12,4
31,2,1,5,2,2,2,2,1,3.18,2.63,4.4,2.75,0,0,4345,4345,4345,4345,145,145,13,4
25,2,2,5,2,1,2,2,1,4.24,4.63,4,3.75,0,0,1335,1335,1335,1335,45,45,4,3
32,2,2,1,2,1,2,1,4,4,4,4,4,0,0,1945,1125,1945,1125,65,65,7,3
37,2,2,5,2,1,1,3,1,3.71,3.38,4.6,3.25,0,0,2095,1125,2095,1125,70,70,7,3
25,1,2,1,2,2,1,2,1,3.94,3.75,4,4.25,1,1,1520,395,1475,350,49,49,6,3
29,1,2,5,2,2,1,3,1,5,5,5,5,0,0,2250,2250,2250,2250,75,75,7,4
29,2,2,5,2,2,2,2,1,4,3.88,4.6,3.5,1,1,1520,760,1079,319,36,36,3,2
29,2,2,3,2,1,2,3,5,3.29,3.38,3.4,3,0,0,3375,2980,3375,2980,113,113,10,4
27,2,1,5,2,2,1,2,1,3.65,3.5,4,3.5,0,0,2585,1945,2585,1945,86,86,8,4
29,2,2,5,1,1,1,2,5,3.06,2.88,3.2,3.25,1,1,2825,880,2103,158,70,70,7,3
26,1,2,5,2,2,2,2,1,4.12,4.13,4.4,3.75,0,0,1520,1155,1520,1155,51,51,6,3
36,2,1,2,2,1,1,3,1,4.53,4.63,4.6,4.25,0,0,4075,1610,4075,1610,136,136,12,4
30,2,1,5,2,2,1,3,1,3,3,3,3,1,1,4045,425,3907,287,130,130,11,4
30,2,2,5,2,2,1,3,1,3.82,3.75,4.4,3.25,1,1,3465,575,3235,345,108,108,9,4
26,2,2,5,2,2,1,3,1,3.94,4,4,3.75,0,0,2095,1550,2095,1550,70,70,7,3
40,2,1,2,1,2,2,3,1,3.71,3.75,3.6,3.75,0,0,4345,4345,4345,4345,145,145,13,4
23,2,2,5,1,2,2,2,1,3.94,3.63,4.2,4.25,0,0,1185,1125,1185,1125,40,40,4,3
38,2,1,5,2,1,2,2,5,3.35,3.5,3.6,2.75,1,1,4345,485,4207,347,140,140,12,4
27,2,2,5,2,1,2,1,1,3.76,3.38,4.2,4,1,1,2855,575,2564,284,85,85,8,4
31,2,1,5,1,2,2,3,4,3.65,3.75,3.4,3.75,0,0,4345,1305,4345,1305,145,145,13,4
27,2,1,1,2,2,1,2,1,4.35,4.13,4.8,4.25,0,0,2220,1030,2220,1030,74,74,7,4
27,2,2,1,1,1,1,2,3,3.71,3.5,4.2,3.5,0,0,1155,425,1155,425,39,39,4,3
28,2,2,5,1,1,1,2,5,3.94,3.75,4.2,4,0,0,3710,3710,3710,3710,124,124,11,4
27,2,2,5,2,1,1,2,5,3.82,4.13,3.4,3.75,0,0,2220,760,2220,760,74,74,7,4
29,2,2,5,1,2,2,2,1,3.18,2.75,3.8,3.25,0,0,3315,3190,3315,3190,111,111,10,4
31,2,1,5,2,1,2,2,5,4.06,3.75,4.6,4,0,0,3010,2585,3010,2585,100,100,9,4
46,2,1,1,1,1,2,2,1,3.35,3.38,3.6,3,0,0,2370,2220,2370,2220,79,79,7,4
34,2,1,1,3,2,1,1,1,4.41,4.13,4.6,4.75,0,0,4345,4345,4345,4345,145,145,13,4
31,1,1,2,2,2,1,2,5,3.94,4,3.8,4,0,0,2950,2950,2950,2950,98,98,9,4
32,2,1,5,2,1,2,3,3,3.88,3.38,4.8,3.75,0,0,3585,2155,3585,2155,120,120,10,4
26,2,2,5,2,1,1,4,5,2.76,2.5,3.2,2.75,1,1,1365,455,713,-197,24,24,2,2
28,2,2,1,2,1,2,4,1,3.65,3.5,4,3.5,1,1,2220,425,1717,-78,57,57,6,3
28,2,1,3,2,1,1,3,1,3.29,3.13,3.6,3.25,0,0,2585,1490,2585,1490,86,86,8,4
30,2,1,5,2,1,2,2,1,3.88,3.88,4.2,3.5,0,0,1640,760,1640,760,55,55,6,3
28,2,2,5,2,1,1,3,1,3.71,3.88,3.6,3.5,0,0,2220,1365,2220,1365,74,74,7,4
26,2,2,1,1,1,2,3,1,3.76,4.25,3.8,2.75,1,1,2645,515,2369,239,79,79,7,4
24,2,2,5,2,1,2,2,1,3.47,3.38,3.8,3.25,0,0,1275,1275,1275,1275,43,43,4,3
27,2,2,5,2,2,1,2,5,3.41,3.5,3.8,2.75,0,0,3220,1305,3220,1305,107,107,9,4
28,2,2,5,2,2,2,2,1,3.06,2.63,3.2,3.75,1,1,2950,1490,2479,1019,83,83,7,4
24,2,2,5,2,1,1,3,1,3.82,3.63,4.2,3.75,0,0,1610,1610,1610,1610,54,54,6,3
36,2,1,5,2,1,1,2,1,3.35,3.25,3.8,3,1,1,3040,820,2355,135,79,79,7,4
44,2,1,5,1,1,1,3,1,3.82,3.5,4.2,4,1,1,4045,4045,3450,3450,115,115,10,4
31,2,1,1,2,2,1,2,1,4.18,4.5,3.8,4,0,0,3315,3315,3315,3315,111,111,10,4
27,2,2,1,2,2,1,2,1,3.41,3.13,3.8,3.5,0,0,1855,695,1855,695,62,62,7,3
36,1,1,2,2,2,2,2,1,3.94,3.63,4.2,4.25,0,0,4345,4345,4345,4345,145,145,13,4
28,2,1,5,1,2,1,3,5,3.06,2.88,3.2,3.25,0,0,4045,1520,4045,1520,135,135,12,4
30,2,2,5,2,1,1,4,1,4.18,4.13,4.2,4.25,0,0,3710,910,3710,910,124,124,11,4
27,2,1,5,2,1,2,2,1,4,4,4,4,1,1,1185,1185,1016,1016,34,34,3,2
30,2,2,5,1,1,1,1,5,4,4.13,4,3.75,1,1,4045,760,3497,212,117,117,10,4
32,2,1,5,1,1,2,2,1,4,4.13,4,3.75,0,0,4045,665,4045,665,135,135,12,4
25,2,1,5,2,2,2,2,1,3.59,3.13,4.2,3.75,0,0,1945,1855,1945,1855,65,65,7,3
27,2,2,5,1,1,2,3,3,4.12,4.5,3.8,3.75,0,0,2855,2855,2855,2855,95,95,8,4
26,2,2,2,2,2,2,2,1,3.41,3.75,3.2,3,0,0,2795,1245,2795,1245,93,93,8,4
27,2,1,1,2,1,2,3,4,3.06,3.13,3,3,0,0,2950,1490,2950,1490,98,98,9,4
26,2,2,1,2,2,1,3,1,3.71,3.25,4.4,3.75,1,1,2220,395,1619,-206,54,54,6,3
36,2,2,1,2,2,1,2,3,3.76,3.63,4,3.75,1,1,1520,790,754,24,25,25,3,2
32,2,2,5,2,2,1,3,1,3.35,3.63,3.4,2.75,1,1,3100,880,2444,224,81,81,7,4
34,2,1,5,1,2,2,2,1,3.71,3.75,3.4,4,0,0,4345,1915,4345,1915,145,145,13,4
27,2,2,2,2,2,1,3,5,4.53,4.75,4.2,4.5,0,0,2765,2585,2765,2585,92,92,8,4
28,2,2,1,2,2,1,2,1,3.12,3.38,3.2,2.5,0,0,3345,880,3345,880,112,112,10,4
32,2,1,5,1,1,2,3,4,3.59,3.75,3.6,3.25,0,0,3980,910,3980,910,133,133,12,4
27,2,2,5,2,1,2,3,1,3.35,3.13,4.2,2.75,0,0,2615,1155,2615,1155,87,87,8,4
27,2,2,5,2,1,1,3,1,3.88,3.63,4.2,4,0,0,1275,1275,1275,1275,43,43,4,3
38,2,1,3,2,1,2,2,1,3.53,3.25,4.2,3.25,0,0,4345,4345,4345,4345,145,145,13,4
26,2,2,5,2,2,1,1,1,4.06,4.13,4.2,3.75,0,0,2095,1060,2095,1060,70,70,7,3
29,2,2,5,1,1,2,3,1,3.47,3.38,3.6,3.5,1,1,3980,455,3689,164,123,123,11,4
32,2,1,5,2,1,1,3,1,3.88,4.38,3.4,3.5,1,1,3680,455,3543,318,118,118,10,4
28,2,2,5,2,1,2,2,3,3.59,4,3.4,3,0,0,3680,515,3680,515,123,123,11,4
35,2,2,2,1,2,2,3,1,4,3.88,4.2,4,0,0,4045,2585,4045,2585,135,135,12,4
30,2,2,5,2,2,1,1,1,4.65,4.63,4.6,4.75,0,0,2220,1520,2220,1520,74,74,7,4
26,2,2,5,1,1,1,2,1,4.18,4.25,4,4.25,1,1,1275,455,864,44,29,29,3,2
30,2,2,5,2,1,1,3,5,3.65,3.38,4,3.75,0,0,2250,395,2250,395,75,75,7,4
28,2,2,5,2,2,1,2,3,3.35,3.25,3.6,3.25,0,0,3585,1125,3585,1125,120,120,10,4
31,2,1,5,2,1,1,3,1,3.53,3.5,3.6,3.5,1,1,2370,665,2033,328,68,68,7,3
29,2,2,1,1,1,2,1,1,3.12,2.88,3.6,3,0,0,3220,1305,3220,1305,107,107,9,4
30,2,2,5,1,2,2,3,1,3.88,3.5,4,4.5,1,1,3680,395,3557,272,119,119,10,4
28,2,2,5,2,1,1,2,1,3.41,3.38,3.6,3.25,1,1,1760,485,1570,295,52,52,6,3
39,2,1,5,1,1,1,4,4,3.71,3.63,4,3.5,0,0,2980,790,2980,790,99,99,9,4
25,2,2,5,1,2,1,3,1,4.12,4.13,4.2,4,0,0,2220,2155,2220,2155,74,74,7,4
25,2,2,5,1,2,2,2,1,3.59,3.63,3.6,3.5,0,0,2585,1730,2585,1730,86,86,8,4
30,2,1,5,2,2,1,2,5,3.88,4.13,4,3.25,1,1,2980,790,2226,36,74,74,7,4
30,2,1,1,2,2,2,2,1,3.71,3.88,3.8,3.25,0,0,3585,1855,3585,1855,120,120,10,4
31,2,2,2,2,2,2,2,1,3.76,3.63,4,3.75,0,0,3680,2125,3680,2125,123,123,11,4
28,1,1,5,1,1,2,2,5,4.12,4,4.4,4,0,0,2250,1855,2250,1855,75,75,7,4
28,2,2,1,2,1,2,2,1,3.82,4.25,3.4,3.5,0,0,2220,1855,2220,1855,74,74,7,4
26,2,2,5,2,1,1,3,1,4,4.25,4.2,3.25,0,0,2520,1790,2520,1790,84,84,7,4
46,2,2,2,1,2,1,3,1,3.76,3.63,4.2,3.5,1,1,2950,485,2782,317,93,93,8,4
25,2,2,1,2,1,1,3,1,3.82,3.75,3.6,4.25,1,1,2035,425,1553,-57,52,52,6,3
27,2,2,5,1,2,1,2,1,3.88,3.75,4.2,3.75,0,0,3010,1305,3010,1305,100,100,9,4
28,2,2,1,2,1,2,2,1,3.94,3.88,4.2,3.75,0,0,3040,1185,3040,1185,101,101,9,4
26,2,2,1,2,2,1,3,1,3.71,3.5,4.2,3.5,1,1,1245,575,986,316,33,33,3,2
30,1,2,1,1,2,1,2,5,3.59,3.75,3.6,3.25,1,1,1490,760,941,211,31,31,3,2
32,2,2,5,2,1,2,2,1,3.82,3.88,3.6,4,0,0,4045,1855,4045,1855,135,135,12,4
24,2,2,5,1,1,2,2,5,3.59,3.25,4,3.75,0,0,1700,1185,1700,1185,57,57,6,3
34,2,1,2,3,1,2,2,1,3,2.75,3.4,3,0,0,4045,2585,4045,2585,135,135,12,4
32,2,1,5,2,1,1,3,1,2.88,3.25,2.6,2.5,1,1,4045,635,3703,293,123,123,11,4
24,2,2,1,2,2,1,3,1,3.41,3.5,3.6,3,1,1,1155,395,1048,288,35,35,3,2
24,2,1,5,1,2,1,3,1,3.41,3.38,3.6,3.25,1,1,1580,695,846,-39,28,28,3,2
38,2,1,5,2,2,1,2,1,3.65,3.75,3.2,4,0,0,1490,760,1490,760,50,50,6,3
30,2,1,5,2,1,1,4,1,3.65,3.5,4,3.5,1,1,2645,2645,2050,2050,68,68,7,3
30,2,2,3,1,2,1,3,1,3.76,3.5,4,4,1,1,2250,395,1854,-1,62,62,7,3
27,2,2,5,2,2,2,2,5,4,4.25,3.6,4,0,0,2765,2250,2765,2250,92,92,8,4
27,2,2,2,2,1,1,2,1,3.18,3.25,3.2,3,1,1,2705,2065,2173,1533,72,72,7,3
28,2,1,5,1,2,2,1,3,3.76,4,3.6,3.5,0,0,4045,2765,4045,2765,135,135,12,4
27,2,2,5,1,1,2,3,1,3.53,3.63,3.4,3.5,1,1,2585,1520,1934,869,64,64,7,3
52,2,1,2,3,2,2,2,1,4.18,4.13,4.2,4.25,0,0,3250,1490,3250,1490,108,108,9,4
31,2,2,5,2,1,2,2,1,3.94,3.88,4,4,0,0,3680,1490,3680,1490,123,123,11,4
28,2,2,1,2,2,1,2,1,3.65,3.5,3.6,4,0,0,2735,910,2735,910,91,91,8,4
28,2,2,5,2,2,1,3,5,3.18,3.38,3,3,0,0,3315,1490,3315,1490,111,111,10,4
28,2,2,5,2,1,2,3,1,4.06,4.13,4.2,3.75,1,1,1490,1125,715,350,24,24,2,2
50,2,1,2,1,1,2,3,1,4.18,4.25,4.2,4,1,1,4045,545,3846,346,128,128,11,4
29,2,2,1,1,2,1,3,1,4.65,5,4.4,4.25,0,0,3315,1125,3315,1125,111,111,10,4
30,2,1,1,1,2,2,2,1,3.24,3.13,3.4,3.25,0,0,4345,2065,4345,2065,145,145,13,4
23,2,2,2,2,1,1,3,1,3.76,4,3.8,3.25,1,1,1155,395,1093,333,36,36,3,2
27,2,2,5,2,1,1,2,1,3.06,3.13,3,3,1,1,1060,395,632,-33,21,21,2,2
29,2,2,5,2,2,2,2,1,3.76,3.63,4.6,3,1,1,2005,545,1746,286,58,58,6,3
30,2,2,4,2,1,1,2,1,3.53,3.63,3.6,3.25,1,1,3315,1490,2598,773,87,87,8,4
27,2,2,3,1,2,2,2,1,4,4,4,4,1,1,1550,1185,853,488,28,28,3,2
28,2,2,1,2,1,1,2,1,3.82,3.63,4.4,3.5,0,0,2980,1305,2980,1305,99,99,9,4
32,2,2,1,2,2,1,2,1,3.53,3.13,4,3.75,0,0,3710,1305,3710,1305,124,124,11,4
30,2,2,1,1,2,1,2,1,3.12,3.13,3,3.25,1,1,4345,515,4162,332,139,139,12,4
28,2,2,1,1,2,2,1,1,4.82,5,4.8,4.5,0,0,2035,1520,2035,1520,68,68,7,3
43,2,1,3,2,1,1,3,1,3.35,3.5,3.2,3.25,0,0,4345,2370,4345,2370,145,145,13,4
26,2,2,2,1,2,2,2,3,3.82,3.75,4.2,3.5,0,0,2005,1125,2005,1125,67,67,7,3
26,2,2,5,1,1,2,2,1,3.65,3.75,3.6,3.5,0,0,1275,1275,1275,1275,43,43,4,3
25,2,2,5,2,2,2,2,5,4.53,4.63,4.4,4.5,0,0,1490,1125,1490,1125,50,50,6,3
26,2,2,5,2,1,2,3,1,4.12,4.38,3.8,4,0,0,1550,1550,1550,1550,52,52,6,3
57,2,1,1,1,1,1,2,1,3.65,3.75,3.6,3.5,1,1,4135,665,3807,337,127,127,11,4
29,2,2,5,1,1,1,3,2,3.47,3.13,4.2,3.25,0,0,3345,1275,3345,1275,112,112,10,4
34,2,1,1,1,1,2,2,3,4.35,4.25,4.6,4.25,1,1,3315,910,2745,340,92,92,8,4
31,2,1,5,1,1,1,3,1,2.94,3.13,3,2.5,1,1,2950,485,2735,270,91,91,8,4
38,2,1,3,1,1,1,3,1,4.12,4.25,4,4,1,1,4345,395,4311,361,144,144,12,4
29,2,2,5,1,1,2,4,1,3.47,3.5,3.6,3.25,0,0,3830,2005,3830,2005,128,128,11,4
26,2,2,5,2,1,1,3,3,4.29,4.25,4.4,4.25,0,0,2220,1915,2220,1915,74,74,7,4
32,2,2,1,2,2,2,3,1,3.76,3.63,3.8,4,0,0,4255,2280,4255,2280,142,142,12,4
28,2,2,2,2,1,1,3,1,4.35,4.38,4.4,4.25,0,0,2615,1125,2615,1125,87,87,8,4
26,2,2,5,1,2,1,3,1,3.53,3.5,3.6,3.5,0,0,2585,850,2585,850,86,86,8,4
27,2,2,5,1,1,2,2,1,3.29,3,4.2,2.75,0,0,2980,2340,2980,2340,99,99,9,4
25,2,2,5,2,1,1,2,1,3.76,3.5,4,4,0,0,395,395,395,395,13,13,2,2
33,2,1,1,3,1,2,2,1,4.35,4.5,4,4.5,0,0,4045,940,4045,940,135,135,12,4
32,2,1,1,2,2,1,2,1,3.88,3.88,4,3.75,0,0,1640,2220,1640,2220,55,55,6,3
26,2,2,5,2,1,2,2,1,3.94,3.63,4.2,4.25,1,1,1855,545,1291,-19,43,43,4,3
28,2,2,1,1,1,1,3,5,3.29,3.25,2.8,4,0,0,2855,1760,2855,1760,95,95,8,4
24,2,2,5,2,2,2,2,1,3.94,3.88,4.2,3.75,0,0,1245,1125,1245,1125,42,42,4,3
30,2,1,1,1,2,1,3,1,3.76,3.5,4.2,3.75,0,0,2585,1885,2585,1885,86,86,8,4
27,2,2,3,1,2,1,3,1,3.71,3.75,3.8,3.5,1,1,1855,515,1230,-110,41,41,4,3
24,2,2,5,2,2,1,2,5,3.82,3.88,3.6,4,0,0,1215,1215,1215,1215,41,41,4,3
26,2,2,2,2,1,1,3,1,3.82,3.5,4.4,3.75,1,1,1975,1185,1603,813,53,53,6,3
48,2,1,5,2,2,2,1,1,4.12,4.13,4.4,3.75,1,1,4345,455,4268,378,142,142,12,4
28,2,2,5,2,2,1,2,1,3.76,3.88,4,3.25,1,1,850,760,75,-15,3,3,1,1
38,2,1,5,1,1,1,2,1,3.24,3.13,3.4,3.25,0,0,2950,1365,2950,1365,98,98,9,4
29,2,2,5,1,2,1,3,1,3.94,4,4.4,3.25,0,0,2795,850,2795,850,93,93,8,4
31,2,1,5,2,2,1,1,1,4.06,4.13,4.2,3.75,0,0,3315,760,3315,760,111,111,10,4
24,2,2,1,2,1,1,2,1,4.47,4.88,4.4,3.75,0,0,1945,1855,1945,1855,65,65,7,3
33,2,2,5,1,1,2,3,4,3.35,3.25,3.6,3.25,1,1,2980,545,2601,166,87,87,8,4
31,2,2,1,2,1,2,3,1,3,3.13,3,2.75,1,1,4045,485,3877,317,129,129,11,4
26,2,2,5,1,2,1,2,1,3.82,3.88,3.8,3.75,0,0,2950,2370,2950,2370,98,98,9,4
32,2,2,5,2,1,1,3,5,3.65,3.63,3.8,3.5,0,0,4045,760,4045,760,135,135,12,4
27,2,2,1,2,1,1,2,1,3.47,3.38,3.8,3.25,1,1,2400,1335,2020,955,67,67,7,3
32,2,1,1,2,1,2,2,5,3.82,3.75,4.2,3.5,0,0,3315,1490,3315,1490,111,111,10,4
29,2,2,5,2,1,1,2,3,3.18,3.25,3,3.25,0,0,2950,2220,2950,2220,98,98,9,4
26,2,2,5,2,1,2,3,1,3.88,3.75,4.2,3.75,0,0,1790,425,1790,425,60,60,6,3
26,2,2,2,2,1,1,3,5,4,4.25,3.8,3.75,1,1,1610,1610,986,986,33,33,3,2
36,2,1,5,1,2,1,2,1,3.18,3,3.6,3,0,0,4345,4345,4345,4345,145,145,13,4
32,2,1,5,1,2,1,3,1,3,3,3.2,2.75,0,0,3800,3800,3800,3800,127,127,11,4
28,2,2,5,2,1,2,2,4,4.24,4.5,4,4,0,0,1490,1155,1490,1155,50,50,6,3
31,2,2,5,1,1,1,3,1,3.53,3.25,4,3.5,0,0,4045,790,4045,790,135,135,12,4
26,2,2,1,1,1,2,1,5,4.12,4.25,4.2,3.75,1,1,2585,850,2042,307,68,68,7,3
31,2,1,2,1,1,1,2,5,4.29,4.13,4.2,4.75,1,1,3465,575,3105,215,104,104,9,4
26,2,2,5,2,1,1,2,1,4.24,4.5,4.2,3.75,1,1,2340,425,1890,-25,63,63,7,3
24,2,2,5,2,2,1,3,1,3.82,3.75,3.8,4,1,1,1245,635,773,163,26,26,3,2
35,2,2,5,1,1,2,2,1,4.24,4,4.8,4,0,0,3615,1275,3615,1275,121,121,11,4
35,2,2,5,2,1,1,3,1,3.94,3.88,4,4,1,1,3315,545,2873,103,96,96,8,4
34,2,1,5,1,1,1,3,1,3.76,4,3.4,3.75,0,0,4045,3315,4045,3315,135,135,12,4
27,2,2,5,2,1,1,2,3,3.65,3.63,3.8,3.5,0,0,1760,1030,1760,1030,59,59,6,3
31,2,2,5,2,2,2,1,1,2.65,2.13,3.6,2.5,1,1,3315,635,2963,283,99,99,9,4
37,2,2,5,2,1,2,2,5,3.94,3.5,4.2,4.5,0,0,4345,1730,4345,1730,145,145,13,4
28,2,2,1,2,2,2,2,5,4,4,4.2,3.75,0,0,2250,850,2250,850,75,75,7,4
26,2,1,5,1,2,2,2,5,4.12,4.5,3.8,3.75,1,1,2520,455,1956,-109,65,65,7,3
23,2,2,1,2,1,1,3,1,3.82,3.75,4,3.75,0,0,1245,910,1245,910,42,42,4,3
34,2,1,1,1,1,2,3,1,3.41,3.13,3.8,3.5,1,1,3890,485,3722,317,124,124,11,4
26,2,2,1,2,2,1,3,1,3.82,4,3.8,3.5,1,1,2520,515,1955,-50,65,65,7,3
27,1,2,1,2,1,1,2,1,4.12,3.88,4.4,4.25,0,0,1760,1395,1760,1395,59,59,6,3
24,2,2,1,2,2,2,2,5,3.82,4.13,3.6,3.5,0,0,1670,1670,1670,1670,56,56,6,3
34,2,1,1,2,1,2,4,1,3.35,3.5,3.6,2.75,0,0,4045,2220,4045,2220,135,135,12,4
37,2,2,1,2,1,2,2,1,3.82,3.5,4.2,4,0,0,1520,910,1520,910,51,51,6,3
28,2,1,3,1,2,1,3,1,3.71,3.75,3.8,3.5,0,0,3680,970,3680,970,123,123,11,4
30,2,1,2,2,2,1,3,1,4.47,4.38,4.6,4.5,0,0,2065,1155,2065,1155,69,69,7,3
29,2,2,5,2,1,1,2,1,3.35,3,4,3.25,0,0,3860,910,3860,910,129,129,11,4
28,2,2,2,1,2,2,2,1,2.88,3,3,2.5,0,0,2370,1640,2370,1640,79,79,7,4
27,2,2,2,2,1,1,3,1,2.94,3,3,2.75,1,1,2585,395,2092,-98,70,70,7,3
22,2,2,5,2,1,1,2,3,3.82,4,3.6,3.75,1,1,1335,515,1136,316,38,38,4,3
27,2,2,5,2,2,2,2,1,3.82,3.5,4.4,3.75,0,0,2950,1395,2950,1395,98,98,9,4
35,2,2,5,2,1,2,3,1,3.94,4.13,3.6,4,1,1,4045,1125,3328,408,111,111,10,4
27,2,1,5,2,1,2,2,1,4.06,4.25,4.4,3.25,0,0,2220,1520,2220,1520,74,74,7,4
25,2,2,5,1,1,1,3,5,3.53,3.5,4,3,1,1,2400,605,1928,133,64,64,7,3
26,2,2,1,2,2,2,2,1,3.82,4,3.6,3.75,0,0,2310,1855,2310,1855,77,77,7,4
29,2,2,5,1,1,1,3,1,3.53,3.5,3.4,3.75,1,1,3160,760,2658,258,89,89,8,4
32,2,2,5,2,2,1,3,5,4.41,4.5,4.4,4.25,1,1,4345,635,3993,283,133,133,12,4
27,2,2,5,2,2,1,2,1,4.24,4.5,4.4,3.5,0,0,1640,2735,1640,2735,55,55,6,3
29,2,2,3,2,1,1,2,5,3.35,3.38,3.2,3.5,1,1,1855,575,1625,345,54,54,6,3
29,2,2,5,2,2,2,2,1,3.71,3.63,4,3.5,1,1,3315,3315,3148,3148,105,105,9,4
36,2,1,2,2,1,2,2,1,3.35,3.63,2.6,3.75,0,0,4075,1155,4075,1155,136,136,12,4
34,2,2,1,2,2,2,1,1,4,3.88,4.4,3.75,0,0,2950,2645,2950,2645,98,98,9,4
26,2,2,5,1,1,1,3,1,3.53,3.5,3.6,3.5,0,0,2005,1490,2005,1490,67,67,7,3
32,2,1,5,1,2,2,2,1,3.59,3.38,4.2,3.25,1,1,3100,1215,2444,559,81,81,7,4
28,2,1,2,2,1,2,3,1,4.06,4.25,4,3.75,0,0,2220,760,2220,760,74,74,7,4
29,2,2,3,2,2,2,2,3,3.35,3.75,3,3,0,0,3680,3680,3680,3680,123,123,11,4
31,2,2,5,2,1,1,2,1,3.29,3.88,3,2.5,0,0,4045,3680,4045,3680,135,135,12,4
26,2,2,5,1,2,1,2,1,3.88,3.75,4,4,0,0,1000,1000,1000,1000,33,33,3,2
25,2,2,5,2,2,1,2,1,3.88,3.75,4,4,0,0,1885,1885,1885,1885,63,63,7,3
30,2,1,1,2,1,1,2,1,3.71,3.75,4,3.25,1,1,3525,545,3112,132,104,104,9,4
27,2,1,5,2,2,1,2,1,3.65,3.75,3,4.25,0,0,2585,2585,2585,2585,86,86,8,4
24,2,2,5,2,2,2,2,1,3.76,4,3.6,3.5,0,0,1155,425,1155,425,39,39,4,3
34,2,1,2,2,1,1,2,1,4.24,4.25,4.4,4,1,1,4345,575,3589,-181,120,120,10,4
27,2,2,5,2,1,2,2,1,4.35,4.88,4,3.75,1,1,2585,760,2174,349,72,72,7,3
31,2,2,1,2,1,1,2,1,4.12,4.13,4.2,4,1,1,1490,1305,926,741,31,31,3,2
33,2,1,1,1,1,1,2,3,3.35,3.63,3.4,2.75,0,0,3680,820,3680,820,123,123,11,4
25,2,2,1,2,1,2,2,1,4.41,4.63,4.2,4.25,1,1,515,425,347,257,12,12,1,1
33,2,1,5,2,1,1,3,1,3.88,3.63,4.4,3.75,1,1,4045,575,3774,304,126,126,11,4
33,2,1,5,1,2,1,1,1,3.94,3.88,4,4,0,0,4345,4345,4345,4345,145,145,13,4
33,2,1,2,1,1,2,2,1,3.47,3.63,3.2,3.5,0,0,3680,1155,3680,1155,123,123,11,4
31,2,1,1,1,2,2,2,1,3.88,3.63,4.2,4,0,0,3315,1550,3315,1550,111,111,10,4
28,2,2,5,2,1,1,2,1,3.88,3.38,4.4,4.25,1,1,1425,695,794,64,26,26,3,2
27,2,2,5,2,2,1,2,1,3.47,3.5,3.8,3,0,0,1155,970,1155,970,39,39,4,3
28,2,2,5,2,2,1,2,1,3.35,3.38,3.8,2.75,1,1,2675,485,2537,347,85,85,8,4
33,2,1,5,1,1,1,3,5,3.35,3,3.8,3.5,0,0,2795,760,2795,760,93,93,8,4
43,2,1,5,1,1,2,2,5,3.47,3.13,4,3.5,0,0,4345,1490,4345,1490,145,145,13,4
28,2,2,3,2,1,2,2,4,3.41,3.13,3.8,3.5,0,0,1125,2220,1125,2220,38,38,4,3
25,2,2,2,2,2,2,3,1,3.88,4.25,3.6,3.5,1,1,760,455,196,-109,7,7,1,1
26,2,2,5,1,1,1,2,1,3.71,3.38,4.4,3.5,0,0,2095,790,2095,790,70,70,7,3
30,2,2,1,2,2,2,3,1,3.59,3.63,4,3,1,1,3010,1640,2238,868,75,75,7,4
30,2,1,1,2,1,2,2,1,2.88,3,2.6,3,0,0,3375,2675,3375,2675,113,113,10,4
29,2,2,5,2,2,1,2,1,3.71,3.75,4.2,3,0,0,3770,485,3770,485,126,126,11,4
24,2,2,5,2,1,1,3,1,3.82,4.38,3.4,3.25,1,1,1365,1365,976,976,33,33,3,2
38,2,2,5,1,2,1,2,1,2.82,2.63,3.2,2.75,1,1,4285,575,4025,315,134,134,12,4
28,2,2,5,1,2,1,3,5,3.41,3.5,3.6,3,0,0,3220,3220,3220,3220,107,107,9,4
31,2,1,3,2,1,2,3,1,3.12,2.25,4.4,3.25,0,0,4045,4045,4045,4045,135,135,12,4
28,2,2,2,2,2,2,2,1,4,4.13,4,3.75,1,1,3345,395,3188,238,106,106,9,4
31,2,1,5,1,1,1,2,1,3.71,3.75,3.6,3.75,0,0,2615,665,2615,665,87,87,8,4
30,2,2,5,2,2,2,3,1,3.59,3.25,4,3.75,0,0,3890,1395,3890,1395,130,130,11,4
31,2,2,5,1,1,1,2,1,3.82,3.88,3.8,3.75,0,0,3890,3010,3890,3010,130,130,11,4
32,2,1,3,1,2,2,2,1,3.41,3.5,3.4,3.25,0,0,3315,2950,3315,2950,111,111,10,4
30,2,1,5,2,2,2,2,2,3.94,4,4,3.75,0,0,3615,1790,3615,1790,121,121,11,4
33,2,1,1,2,1,1,3,1,3,3,3,3,0,0,3495,1520,3495,1520,117,117,10,4
35,2,1,1,3,1,2,3,1,4,4.13,3.8,4,0,0,4345,4345,4345,4345,145,145,13,4
27,2,2,5,1,2,2,2,1,3.76,4.13,3.6,3.25,0,0,3315,3315,3315,3315,111,111,10,4
31,2,2,5,2,1,2,2,1,4.06,4.25,4,3.75,0,0,2735,1125,2735,1125,91,91,8,4
26,2,2,1,2,1,2,2,5,3.59,3.38,3.8,3.75,1,1,2950,515,2539,104,85,85,8,4
33,2,2,5,2,1,1,2,1,4.12,4.13,4,4.25,0,0,3710,790,3710,790,124,124,11,4
26,2,2,5,2,1,2,3,1,3.82,3.63,4,4,0,0,2155,910,2155,910,72,72,7,3
26,2,2,5,2,2,1,3,1,3.76,3.75,4,3.5,0,0,1550,1125,1550,1125,52,52,6,3
26,2,2,5,2,2,2,3,1,3.82,3.75,3.8,4,0,0,1185,1185,1185,1185,40,40,4,3
25,2,2,2,2,1,2,2,1,3.82,3.75,4.2,3.5,0,0,1335,970,1335,970,45,45,4,3
37,2,1,1,1,1,2,2,1,4.06,4.13,4,4,0,0,4045,2490,4045,2490,135,135,12,4
33,2,2,5,1,2,2,1,1,4.29,4.5,3.8,4.5,1,1,4045,395,3866,216,129,129,11,4
27,2,2,1,1,1,1,3,1,3.53,3.75,3.4,3.25,0,0,2460,1520,2460,1520,82,82,7,4
26,2,2,1,2,1,2,1,1,3.76,3.63,4.2,3.5,0,0,910,910,910,910,30,30,3,2
29,2,2,1,2,1,2,1,1,4.59,4.5,4.6,4.75,0,0,2250,1520,2250,1520,75,75,7,4
33,2,1,5,1,1,2,3,1,3.76,3.75,4,3.5,0,0,4045,1275,4045,1275,135,135,12,4
40,2,1,1,3,1,1,3,4,3.53,3.63,3.4,3.5,0,0,3070,910,3070,910,102,102,9,4
26,2,2,5,1,2,1,2,1,4,4,4.2,3.75,0,0,2460,1855,2460,1855,82,82,7,4
28,2,2,1,1,1,1,2,1,4.18,4,4.2,4.5,0,0,2340,820,2340,820,78,78,7,4
29,2,2,5,1,1,2,2,5,3.76,3.5,4,4,0,0,2950,2220,2950,2220,98,98,9,4
27,2,2,1,1,2,2,2,1,3.47,3.5,3.8,3,1,1,2585,455,2386,256,80,80,7,4
30,2,2,3,1,2,2,2,1,4.18,4.25,4.2,4,0,0,4045,1335,4045,1335,135,135,12,4
28,2,2,1,2,1,2,1,1,3.76,3.75,4.2,3.25,0,0,2980,1125,2980,1125,99,99,9,4
30,2,2,1,2,2,1,3,5,3.12,3.25,3.2,2.75,0,0,3345,1155,3345,1155,112,112,10,4
23,2,2,5,1,1,1,3,1,2.94,2.75,3.4,2.75,0,0,2950,1125,2950,1125,98,98,9,4
31,2,2,5,3,2,2,2,1,4,3.75,4.4,4,0,0,4345,3315,4345,3315,145,145,13,4
29,2,1,5,1,2,1,2,1,3.47,4,3,3,0,0,2645,455,2645,455,88,88,8,4
29,2,1,3,2,1,1,2,3,3.82,3.75,4,3.75,0,1,2280,1125,2203,1048,73,73,7,4
31,2,2,1,2,2,1,3,1,3.82,3.75,4,3.75,0,0,3465,2005,3465,2005,116,116,10,4
39,2,1,5,2,2,1,1,1,4,4,4,4,0,0,1335,1335,1335,1335,45,45,4,3
29,2,1,5,2,2,1,2,1,3.41,3.38,3.6,3.25,0,0,2615,1335,2615,1335,87,87,8,4
29,2,2,5,2,1,1,2,1,3.82,3.88,4.2,3.25,0,0,2585,395,2585,395,86,86,8,4
28,2,2,5,2,1,1,2,1,3.53,3.5,4,3,1,1,1245,880,681,316,23,23,2,2
28,2,2,5,2,1,1,2,1,4.65,4.63,4.6,4.75,0,0,3740,820,3740,820,125,125,11,4
26,2,2,3,2,1,2,2,5,3.76,3.5,4,4,1,1,2430,545,2340,455,78,78,7,4
26,2,2,5,2,2,2,2,1,3.06,2.88,3.2,3.25,0,0,2950,2950,2950,2950,98,98,9,4
28,2,2,2,1,2,1,2,1,3.18,3.13,3.4,3,1,1,3250,695,2898,343,97,97,9,4
35,2,1,3,2,1,2,2,1,4.41,4.88,4,4,0,0,4255,2735,4255,2735,142,142,12,4
30,2,1,1,2,1,1,2,1,3.47,3.63,3.6,3,0,0,2220,545,2220,545,74,74,7,4
35,2,1,5,3,1,2,2,1,4.88,4.75,5,5,0,0,4345,2340,4345,2340,145,145,13,4
35,2,1,2,1,2,1,3,1,3.53,3.38,3.8,3.5,0,0,4345,1060,4345,1060,145,145,13,4
26,2,2,5,2,2,1,3,1,3.76,3.63,3.8,4,0,0,1490,760,1490,760,50,50,6,3
25,2,2,5,1,1,1,3,5,3.12,3.13,3.2,3,1,1,1975,1975,1534,1534,51,51,6,3
28,2,1,2,1,1,2,3,3,3.82,3.88,3.8,3.75,0,0,3100,1155,3100,1155,103,103,9,4
33,2,2,5,2,2,2,2,1,3.71,3.88,3.4,3.75,0,0,4045,4045,4045,4045,135,135,12,4
26,2,1,5,2,2,2,2,3,3.71,3.38,4,4,0,0,2310,1945,2310,1945,77,77,7,4
28,2,2,1,2,2,1,2,1,3.94,4.25,4,3.25,0,0,2585,1000,2585,1000,86,86,8,4
27,2,2,3,2,1,1,2,1,3.94,4,3.8,4,0,0,1520,1155,1520,1155,51,51,6,3
31,2,1,5,1,1,2,2,5,3.71,3.75,4,3.25,0,0,4195,1275,4195,1275,140,140,12,4
30,2,1,5,1,2,2,3,1,3.18,3.13,3.2,3.25,0,0,2585,485,2585,485,86,86,8,4
27,2,2,5,2,1,2,2,1,3.35,3.5,3,3.5,1,1,2645,515,2385,255,80,80,7,4
26,2,2,5,1,1,1,3,5,3.53,3.13,4,3.75,0,0,2795,1670,2795,1670,93,93,8,4
30,2,1,1,1,1,2,2,5,3.59,3.5,3.8,3.5,0,0,3555,1580,3555,1580,119,119,10,4
28,2,2,5,3,2,1,3,1,3.12,3.13,3,3.25,1,1,3315,575,2843,103,95,95,8,4
26,2,2,1,2,2,1,2,1,3.47,3.5,3.6,3.25,1,1,1185,1185,764,764,25,25,3,2
25,2,2,5,2,2,1,3,1,3.59,3.63,3.6,3.5,1,1,1335,425,1151,241,38,38,4,3
34,2,1,5,1,2,2,3,2,4,4.25,4.2,3.25,0,0,2035,1030,2035,1030,68,68,7,3
26,2,2,5,2,2,1,2,1,3.35,3.63,3.4,2.75,0,0,2950,395,2950,395,98,98,9,4
25,2,2,5,2,2,2,2,1,3.88,3.75,3.8,4.25,0,0,1155,1155,1155,1155,39,39,4,3
27,2,2,5,2,2,2,3,1,3.06,2.88,3.4,3,0,0,2250,1335,2250,1335,75,75,7,4
24,2,2,1,2,1,1,3,5,5,5,5,5,1,1,1915,395,1869,349,62,62,7,3
33,2,1,5,2,2,2,2,1,4,3.38,4.4,4.75,0,0,3345,1125,3345,1125,112,112,10,4
27,2,2,5,2,1,1,3,1,2.94,2.88,3.4,2.5,0,0,3315,3315,3315,3315,111,111,10,4
34,2,1,1,1,2,1,2,1,3.53,3.5,3.6,3.5,1,1,2705,455,2506,256,84,84,7,4
29,2,1,5,2,1,2,2,1,4,4.25,4,3.5,0,1,2885,940,2686,741,90,90,8,4
30,2,2,1,2,1,1,2,3,3.59,3.5,4,3.25,0,0,1335,820,1335,820,45,45,4,3
28,2,2,3,1,1,2,2,5,4.24,4.5,4.2,3.75,0,0,3315,1520,3315,1520,111,111,10,4
26,2,2,1,1,1,2,2,1,3.53,3.75,3.2,3.5,0,0,1855,1855,1855,1855,62,62,7,3
27,2,1,5,1,2,2,2,1,3.88,3.63,4.6,3.5,1,1,1885,790,1481,386,49,49,6,3
27,2,2,3,1,2,2,2,1,3.24,3.13,3.2,3.5,0,0,3315,1215,3315,1215,111,111,10,4
28,2,2,5,1,2,1,3,5,3.88,3.88,4,3.75,0,0,3315,1640,3315,1640,111,111,10,4
29,2,2,5,2,2,1,2,3,4.12,4.38,4.2,3.5,1,1,3220,455,2740,-25,91,91,8,4
33,2,2,5,2,1,2,2,1,3.47,3.63,3.4,3.25,1,1,4075,1125,3816,866,127,127,11,4
28,2,2,3,1,1,1,2,1,3.59,3.5,4,3.25,0,0,3220,1760,3220,1760,107,107,9,4
28,2,2,5,2,1,1,3,1,3,3,3,3,1,1,2950,2950,2799,2799,93,93,8,4
29,2,2,5,2,1,2,2,1,3.82,3.88,3.6,4,0,0,2735,1335,2735,1335,91,91,8,4
26,2,1,5,1,1,2,2,1,3.82,3.88,3.8,3.75,0,0,2125,575,2125,575,71,71,7,3
30,2,2,1,2,2,2,3,4,3.94,4,4,3.75,0,0,4045,3800,4045,3800,135,135,12,4
30,2,2,1,2,2,2,2,1,4.24,4.5,3.8,4.25,1,1,2220,2220,1779,1779,59,59,6,3
30,2,2,5,2,2,1,2,1,3.29,3.13,3.8,3,0,0,1155,1155,1155,1155,39,39,4,3
26,2,2,3,2,2,2,2,4,3.88,3.88,4,3.75,0,0,1855,1855,1855,1855,62,62,7,3
32,2,2,5,1,1,2,3,5,3.53,3,4.2,3.75,0,0,4135,1245,4135,1245,138,138,12,4
27,2,2,1,2,1,1,4,3,3.29,3.25,3.6,3,0,0,3495,1030,3495,1030,117,117,10,4
27,2,2,5,2,2,1,2,1,3.06,3.25,3,2.75,1,1,2220,820,1625,225,54,54,6,3
29,2,2,5,2,2,2,2,1,3.35,3.5,3.4,3,0,0,2220,2220,2220,2220,74,74,7,4
30,1,2,5,1,1,2,1,3,3.82,3.75,4,3.75,0,0,2585,1855,2585,1855,86,86,8,4
29,2,2,5,2,2,1,2,1,3.88,4.38,3.6,3.25,1,1,2980,820,2205,45,74,74,7,4
24,2,2,5,2,1,2,3,1,3.35,3.25,3.6,3.25,1,1,1125,665,533,73,18,18,2,2
26,2,2,5,2,2,1,3,1,3.71,3.63,4.2,3.25,0,0,2250,2005,2250,2005,75,75,7,4
28,2,2,5,2,1,2,2,1,3.76,3.75,4,3.5,0,0,3555,2460,3555,2460,119,119,10,4
33,2,1,1,2,1,1,3,1,3.53,4,2.8,3.5,0,0,2220,760,2220,760,74,74,7,4
34,2,1,3,1,1,2,2,1,3.53,3.63,3.8,3,1,1,2855,760,2322,227,77,77,7,4
33,2,2,1,1,1,2,1,4,2.88,2.88,3.2,2.5,0,0,4135,3830,4135,3830,138,138,12,4
28,2,2,5,1,2,2,2,1,2.94,3,3,2.75,0,0,1640,1275,1640,1275,55,55,6,3
24,2,2,5,2,2,1,3,1,3.59,3.63,3.4,3.75,1,1,820,820,164,164,5,5,1,1
27,2,2,5,1,2,2,3,1,3.47,3.5,3.6,3.25,0,0,3315,1885,3315,1885,111,111,10,4
30,2,2,1,2,1,2,3,1,3.53,3.38,3.8,3.5,0,0,2615,1490,2615,1490,87,87,8,4
36,1,1,1,1,2,1,1,1,3.59,3.63,3.8,3.25,1,1,2400,820,1897,317,63,63,7,3
32,1,2,3,2,2,2,2,1,3.71,4,3.4,3.5,0,0,4135,1550,4135,1550,138,138,12,4
37,2,1,1,1,1,2,3,1,3.53,3.38,3.6,3.75,0,0,4045,3315,4045,3315,135,135,12,4
27,2,2,2,2,1,1,3,1,4,4.13,4,3.75,0,0,3375,1550,3375,1550,113,113,10,4
30,2,1,5,2,2,1,2,1,4.12,3.63,4.4,4.75,0,0,2430,695,2430,695,81,81,7,4
31,1,2,1,2,1,2,2,1,3.65,3.75,3.8,3.25,0,0,3680,2220,3680,2220,123,123,11,4
26,2,2,5,2,1,1,2,3,4,4,4,4,0,0,1125,1490,1125,1490,38,38,4,3
24,2,2,5,2,2,1,3,1,3.35,3.63,3.4,2.75,1,1,2155,910,1574,329,52,52,6,3
27,2,2,5,2,2,1,2,1,4.12,4.38,3.8,4,1,1,1975,940,1258,223,42,42,4,3
27,2,2,5,2,2,2,2,1,3.88,3.88,3.8,4,0,0,2735,665,2735,665,91,91,8,4
27,2,2,5,2,2,1,3,4,3.59,3.38,4,3.5,1,1,2980,545,2787,352,93,93,8,4
26,2,2,1,2,1,1,2,1,3.94,3.88,4,4,1,1,2035,2035,1978,1978,66,66,7,3
29,2,2,5,1,1,2,2,1,3.71,3.63,3.6,4,0,0,1215,1885,1215,1885,41,41,4,3
26,2,1,5,2,1,1,3,1,3.88,3.88,4,3.75,0,0,2520,760,2520,760,84,84,7,4
26,2,2,5,1,1,1,2,1,3.88,3.75,4.4,3.5,0,0,2095,1000,2095,1000,70,70,7,3
35,2,1,5,1,2,2,2,3,3.88,3.88,4.2,3.5,0,0,2095,1245,2095,1245,70,70,7,3
32,2,1,3,1,2,2,2,1,3.29,3.38,3.4,3,0,0,2490,2490,2490,2490,83,83,7,4
28,2,2,2,2,2,2,1,5,4.76,4.63,5,4.75,0,0,2370,1855,2370,1855,79,79,7,4
29,2,1,1,2,2,2,3,5,4,3.88,4.2,4,0,0,3830,2005,3830,2005,128,128,11,4
27,2,2,5,1,2,1,2,3,4.06,3.88,4.6,3.75,0,0,2370,2370,2370,2370,79,79,7,4
29,2,2,5,2,1,1,2,1,3.82,3.88,3.8,3.75,0,0,3615,2005,3615,2005,121,121,11,4
27,2,2,2,1,2,2,2,5,3.47,3.25,3.6,3.75,0,0,3250,760,3250,760,108,108,9,4
30,2,2,2,1,2,2,3,5,3.47,4,3,3,1,1,2735,605,2444,314,81,81,7,4
27,2,2,5,2,1,2,2,1,4.65,4.75,4.6,4.5,0,0,2855,605,2855,605,95,95,8,4
26,2,2,5,2,2,2,2,1,4.06,4.5,3.8,3.5,0,0,1760,1490,1760,1490,59,59,6,3
23,2,2,1,1,1,1,2,1,4.18,4.63,3.6,4,1,1,1155,395,864,104,29,29,3,2
27,2,2,5,2,1,2,4,5,4.12,4,4.2,4.25,0,0,1580,1490,1580,1490,53,53,6,3
32,2,2,1,2,1,1,3,1,3.35,4,2.6,3,0,0,3375,1395,3375,1395,113,113,10,4
35,2,2,5,2,2,1,3,1,4,3.63,4.4,4.25,0,0,4045,1855,4045,1855,135,135,12,4
28,2,2,5,2,1,1,2,1,3.94,3.88,4.4,3.5,0,0,2615,1305,2615,1305,87,87,8,4
32,2,2,5,1,1,2,2,5,3,2.88,3.4,2.75,1,1,2585,425,2325,165,78,78,7,4
25,2,2,2,2,2,1,3,1,4,4.38,4,3.25,0,0,1215,1215,1215,1215,41,41,4,3
49,2,1,1,2,1,1,1,1,3.71,3.75,3.8,3.5,0,0,3890,910,3890,910,130,130,11,4
33,2,2,2,2,1,2,2,1,4.12,4.25,3.6,4.5,0,0,4045,1000,4045,1000,135,135,12,4
25,2,2,5,2,1,2,2,3,4.06,4,4.2,4,0,0,1580,1490,1580,1490,53,53,6,3
29,2,1,5,1,2,2,2,3,3.82,3.63,3.8,4.25,0,0,2735,515,2735,515,91,91,8,4
30,2,2,5,2,2,1,2,5,3.76,3.63,4,3.75,1,1,2220,455,2087,322,70,70,7,3
38,2,1,5,2,1,2,4,1,3.88,4.38,3.6,3.25,0,0,3800,820,3800,820,127,127,11,4
28,2,2,5,2,2,1,3,3,3.47,3.25,4,3.25,1,1,2585,1640,1878,933,63,63,7,3
27,2,2,2,2,2,2,2,5,3.82,3.63,4,4,0,0,1855,970,1855,970,62,62,7,3
27,2,2,1,2,1,1,2,1,3.12,3,3.4,3,1,1,1855,1125,1475,745,49,49,6,3
30,2,2,5,1,2,2,2,3,3.76,3.38,4,4.25,0,0,3950,1855,3950,1855,132,132,11,4
30,2,2,2,2,1,1,3,5,3.29,3.63,3,3,1,1,3740,605,3480,345,116,116,10,4
25,2,2,5,2,1,1,3,5,3.94,3.75,4.4,3.75,1,1,2220,850,1687,317,56,56,6,3
33,2,2,1,2,1,2,4,1,3.65,3.88,3.4,3.5,0,0,4045,2735,4045,2735,135,135,12,4
31,2,1,1,1,2,2,3,1,4.24,4.13,4.4,4.25,1,1,2520,545,2118,143,71,71,7,3
29,2,2,2,1,2,2,3,1,3.88,3.75,4.4,3.5,0,0,3220,455,3220,455,107,107,9,4
35,2,1,1,2,2,2,2,1,4.35,4.38,4.4,4.25,1,1,3345,395,3177,227,106,106,9,4
27,2,2,5,2,2,2,3,1,3.29,3.13,3.8,3,0,0,2735,1000,2735,1000,91,91,8,4
53,2,1,5,1,1,2,2,1,3.82,3.88,3.8,3.75,1,1,4315,4315,3906,3906,130,130,11,4
27,2,2,1,2,1,2,3,5,3.82,3.63,4,4,0,0,2430,1550,2430,1550,81,81,7,4
28,2,2,5,2,1,1,3,1,3.65,3.63,3.4,4,1,1,1185,455,810,80,27,27,3,2
28,2,2,2,2,1,1,3,1,3.59,3.63,3.6,3.5,1,1,1520,790,864,134,29,29,3,2
22,2,2,5,1,2,1,2,5,3.53,3.88,3.4,3,0,0,1335,1335,1335,1335,45,45,4,3
30,2,1,5,1,1,1,3,5,3.88,3.75,3.8,4.25,0,0,2585,1490,2585,1490,86,86,8,4
35,2,1,1,2,1,2,2,1,3.76,3.75,4.4,3,1,1,2520,545,2343,368,78,78,7,4
25,2,2,5,2,2,1,3,3,3.76,3.63,4.6,3,0,0,1245,485,1245,485,42,42,4,3
29,2,2,5,2,2,2,3,4,3.71,3.38,4,4,1,1,2370,455,2203,288,73,73,7,4
25,2,2,1,2,2,1,2,1,3.53,3.75,3.2,3.5,1,1,2005,1275,1746,1016,58,58,6,3
33,2,2,4,2,1,1,2,1,3.35,3.88,2.8,3,0,0,1275,1125,1275,1125,43,43,4,3
26,2,2,5,2,2,1,2,3,4.29,3.88,4.6,4.75,1,1,1490,395,715,-380,24,24,2,2
26,2,1,2,2,1,1,3,1,4,4.25,4,3.5,1,1,1855,1490,1748,1383,58,58,6,3
31,2,1,1,3,1,2,3,1,4,4.13,3.8,4,0,0,3315,1490,3315,1490,111,111,10,4
25,2,2,2,2,1,1,3,1,3.94,3.63,4.4,4,0,0,1490,1490,1490,1490,50,50,6,3
25,2,2,1,2,2,2,1,1,4.65,4.75,4.8,4.25,0,0,1580,1490,1580,1490,53,53,6,3
30,2,1,1,2,1,1,2,1,4,4.38,3.6,3.75,0,0,1640,1550,1640,1550,55,55,6,3
30,2,2,5,2,2,1,2,1,3.94,4.13,4,3.5,0,0,4045,2250,4045,2250,135,135,12,4
39,2,1,5,2,2,2,2,1,3.94,3.88,4,4,1,1,4345,485,4177,317,139,139,12,4
31,2,1,3,2,1,2,2,3,3.65,3.63,3.8,3.5,0,0,3680,2220,3680,2220,123,123,11,4
28,2,2,5,1,1,2,2,1,4.06,3.88,4.4,4,0,0,3585,1915,3585,1915,120,120,10,4
32,2,1,1,2,2,1,3,1,3.12,3.38,3.2,2.5,0,0,4345,2250,4345,2250,145,145,13,4
39,2,1,1,1,2,2,2,1,2.94,3.13,3,2.5,0,0,1855,1760,1855,1760,62,62,7,3
35,2,1,5,2,2,2,2,4,4.29,4.5,4.4,3.75,1,1,2155,455,1773,73,59,59,6,3
40,2,1,5,1,1,2,4,3,3.47,3.38,3.6,3.5,1,1,3315,3315,2995,2995,100,100,9,4
24,2,2,5,1,2,2,3,5,3.59,3.63,3.6,3.5,1,1,2035,455,1684,104,56,56,6,3
30,2,2,5,1,1,2,2,1,3.24,3.38,3,3.25,0,0,3315,1125,3315,1125,111,111,10,4
24,2,2,3,2,1,1,2,5,4,4,4,4,0,0,1700,1125,1700,1125,57,57,6,3
24,2,2,1,2,2,1,3,1,4.18,3.88,4.8,4,0,0,1490,1125,1490,1125,50,50,6,3
27,2,2,3,2,1,1,3,5,3.65,3.5,4.4,3,0,0,2585,635,2585,635,86,86,8,4
28,2,2,5,2,1,2,2,1,3.76,3.88,3.8,3.5,0,0,3615,1790,3615,1790,121,121,11,4
34,2,2,3,1,1,1,2,5,3.35,3.5,3.4,3,0,0,4315,1155,4315,1155,144,144,12,4
30,2,2,5,2,1,2,2,5,4.12,3.75,4.8,4,0,0,4045,2280,4045,2280,135,135,12,4
31,2,2,1,1,2,2,1,1,4.12,4,4.6,3.75,0,0,3680,1125,3680,1125,123,123,11,4
28,2,2,5,1,2,1,2,1,3.94,4,4.2,3.5,0,0,3680,2220,3680,2220,123,123,11,4
37,2,1,5,2,2,1,3,4,3.94,3.88,4.2,3.75,1,1,4045,515,3907,377,130,130,11,4
26,2,2,5,2,2,1,1,1,3,3,3,3,1,1,1550,1490,1017,957,34,34,3,2
28,2,2,1,1,2,2,2,1,2.88,2.63,3.4,2.75,0,0,3585,1670,3585,1670,120,120,10,4
34,2,1,5,2,1,2,2,1,3.47,3.63,3.6,3,1,1,4345,455,4238,348,141,141,12,4
31,2,1,1,1,2,2,2,4,3.94,4.13,3.8,3.75,0,0,4195,3070,4195,3070,140,140,12,4
37,2,2,3,1,2,2,3,1,3.88,4,3.6,4,1,1,3495,3495,3204,3204,107,107,9,4
26,2,2,3,2,1,1,3,5,3.29,3.63,3.2,2.75,0,0,1855,1855,1855,1855,62,62,7,3
30,2,2,3,2,1,1,3,4,3.18,3,3.4,3.25,1,1,4045,790,3270,15,109,109,10,4
31,2,2,2,2,2,1,3,1,3.88,3.5,4.4,4,0,0,820,820,820,820,27,27,3,2
38,1,1,5,2,2,2,1,1,3.47,3.75,3.2,3.25,0,0,1185,1155,1185,1155,40,40,4,3
26,2,2,5,2,1,2,3,1,4.53,4.5,4.8,4.25,1,1,1855,395,1749,289,58,58,6,3
33,2,1,1,2,2,2,2,1,4.47,3.88,5,5,1,1,2950,395,2771,216,92,92,8,4
30,2,2,2,2,2,2,2,1,3.59,3.5,4,3.25,0,0,1760,1125,1760,1125,59,59,6,3
23,2,2,5,2,2,1,3,1,3.41,3.63,3.8,2.5,0,0,1245,1000,1245,1000,42,42,4,3
24,2,2,5,2,1,1,1,1,3.24,2.5,3.8,4,0,0,1700,1700,1700,1700,57,57,6,3
29,2,1,5,2,1,2,3,5,3.88,3.88,4,3.75,0,0,4045,1245,4045,1245,135,135,12,4
26,2,2,5,2,2,1,3,1,3.88,3.75,4,4,1,1,1520,605,776,-139,26,26,3,2
39,2,1,1,3,1,1,3,3,3.53,3.63,3.8,3,0,0,2490,2035,2490,2035,83,83,7,4
26,2,2,5,2,2,1,2,1,4.12,4.13,4,4.25,0,0,1490,970,1490,970,50,50,6,3
28,2,1,5,2,2,1,2,5,3.82,3.63,4,4,0,0,3100,1640,3100,1640,103,103,9,4
25,2,2,2,2,2,1,2,1,3.35,3.63,3.2,3,0,0,2005,1245,2005,1245,67,67,7,3
28,2,2,2,2,1,1,2,1,3.94,3.88,4,4,0,0,2005,1490,2005,1490,67,67,7,3
25,2,2,5,1,1,2,2,3,3.59,3.5,3.8,3.5,0,0,2520,1185,2520,1185,84,84,7,4
30,2,2,5,1,1,2,2,1,2.82,2.88,3,2.5,0,0,3740,455,3740,455,125,125,11,4
30,2,2,1,2,1,1,4,1,4.41,4.63,4.8,3.5,0,0,3250,1425,3250,1425,108,108,9,4
25,2,2,5,2,2,1,3,1,4.24,4,4.2,4.75,0,0,910,910,910,910,30,30,3,2
33,2,1,5,3,1,2,3,1,4.35,4.38,4.4,4.25,0,0,4045,1915,4045,1915,135,135,12,4
35,2,1,1,2,2,2,3,1,3.65,3.38,3.8,4,0,0,4045,4045,4045,4045,135,135,12,4
39,2,1,1,1,2,2,2,1,3.59,3.25,4,3.75,0,0,4045,1125,4045,1125,135,135,12,4
38,2,2,5,1,1,1,3,1,3.29,3.25,3.4,3.25,1,1,4345,395,4279,329,143,143,12,4
33,2,1,1,1,1,2,3,1,3.53,3.75,2.8,4,1,1,4045,515,3846,316,128,128,11,4
30,2,1,2,1,1,1,3,1,4.24,4,4.2,4.75,1,1,2125,760,1415,50,47,47,4,3
26,2,1,1,1,1,2,2,1,4.12,4.13,4.2,4,0,0,910,910,910,910,30,30,3,2
25,2,2,1,1,1,1,3,4,3.59,3.75,3.6,3.25,1,1,2490,850,1834,194,61,61,7,3
28,2,2,5,1,2,2,3,1,3.59,3.38,3.8,3.75,1,1,1885,940,1229,284,41,41,4,3
29,2,2,5,1,1,1,3,1,3.65,3.75,4,3,0,0,2950,1640,2950,1640,98,98,9,4
26,2,2,5,2,1,1,1,1,4.35,4.25,4.8,4,0,0,1245,665,1245,665,42,42,4,3
30,2,2,2,2,1,1,3,1,3.76,3.5,4.2,3.75,0,0,1580,1125,1580,1125,53,53,6,3
26,2,2,5,2,2,1,3,1,3.65,4,3.8,2.75,0,0,2585,545,2585,545,86,86,8,4
32,2,2,5,1,1,1,2,1,3.47,3.63,3.6,3,1,1,3435,910,2809,284,94,94,8,4
34,2,1,5,2,1,1,3,1,3.53,3,4.2,3.75,0,0,4045,1275,4045,1275,135,135,12,4
27,2,2,3,1,1,2,3,1,3.71,3.88,3.6,3.5,0,0,1185,1245,1185,1245,40,40,4,3
31,2,2,2,1,1,1,3,1,3.12,3.13,3.6,2.5,0,0,4105,940,4105,940,137,137,12,4
26,2,2,5,1,1,2,3,1,3.41,3.25,3.8,3.25,0,0,2125,1245,2125,1245,71,71,7,3
33,2,2,2,1,2,2,3,1,4,3.88,4.2,4,0,0,4345,2490,4345,2490,145,145,13,4
25,2,2,3,1,2,2,2,1,2.76,2.75,3,2.5,0,0,2585,1490,2585,1490,86,86,8,4
29,2,2,1,2,1,1,2,1,3,2.75,3.4,3,0,0,3770,1580,3770,1580,126,126,11,4
30,2,1,5,2,1,1,2,1,3.88,4,4,3.5,0,0,3375,850,3375,850,113,113,10,4
32,2,1,5,1,2,1,3,1,3.53,3.63,3.6,3.25,0,0,4075,1155,4075,1155,136,136,12,4
30,2,2,2,2,2,2,2,1,3.94,3.88,4,4,0,0,4075,2980,4075,2980,136,136,12,4
34,1,1,1,2,1,2,2,4,3.59,3.38,4,3.5,0,0,2950,1855,2950,1855,98,98,9,4
29,2,2,3,1,2,1,3,1,3.29,3.38,3.4,3,0,0,4045,2460,4045,2460,135,135,12,4
31,2,2,5,1,1,2,2,1,2.94,2.63,3.4,3,1,1,3375,575,3038,238,101,101,9,4
29,2,1,5,2,1,1,2,1,3.65,3.63,4,3.25,1,1,3950,455,3813,318,127,127,11,4
32,2,2,5,2,2,1,2,1,3.18,2.75,3.6,3.5,0,0,3950,2585,3950,2585,132,132,11,4
31,2,2,5,1,2,2,2,1,3.88,3.88,3.8,4,0,0,4135,4135,4135,4135,138,138,12,4
23,2,2,1,2,1,2,2,1,3.76,4,4.2,2.75,0,0,790,790,790,790,26,26,3,2
27,2,2,1,2,1,2,3,1,3.06,2.75,3.6,3,0,0,760,2220,760,2220,25,25,3,2
32,2,2,2,1,2,1,3,1,3.18,3,3.2,3.5,0,0,4345,2705,4345,2705,145,145,13,4
29,2,1,5,2,1,2,2,1,3.35,3.5,3.4,3,0,0,3830,1490,3830,1490,128,128,11,4
31,1,2,5,2,1,1,3,1,4.24,4.38,4.2,4,0,0,1275,1275,1275,1275,43,43,4,3
30,2,2,5,2,1,2,2,4,4.18,3.75,4.6,4.5,0,0,760,760,760,760,25,25,3,2
31,2,1,5,1,1,2,2,5,3.35,3.38,3.6,3,0,0,4105,2065,4105,2065,137,137,12,4
26,2,2,5,2,2,2,2,1,4,3.75,4.4,4,0,0,2220,1490,2220,1490,74,74,7,4
28,1,1,5,1,1,1,2,4,3.06,3.25,2.8,3,1,1,1855,395,1809,349,60,60,6,3
30,2,2,1,2,1,2,2,1,3.65,3.5,4,3.5,1,1,3315,545,2963,193,99,99,9,4
31,2,1,3,2,1,1,2,1,3.41,3.25,3.6,3.5,0,0,4045,2220,4045,2220,135,135,12,4
28,2,1,5,1,2,2,3,1,3.41,3.25,3.8,3.25,0,0,2220,395,2220,395,74,74,7,4
27,2,2,5,2,1,1,2,1,3.82,3.38,4.4,4,1,1,2095,665,1743,313,58,58,6,3
28,2,2,5,2,2,1,3,3,2.94,2.88,3,3,0,0,2220,1060,2220,1060,74,74,7,4
28,2,2,5,1,1,2,2,5,3.76,3.88,3.8,3.5,0,0,3315,2735,3315,2735,111,111,10,4
35,2,1,1,2,2,1,2,1,3.47,3.38,4.2,2.75,0,0,1490,1275,1490,1275,50,50,6,3
33,2,2,2,2,1,2,2,1,3.41,3.5,3.4,3.25,0,0,4255,4255,4255,4255,142,142,12,4
28,2,2,2,1,2,2,2,1,4.18,4.13,4.4,4,0,0,3435,1155,3435,1155,115,115,10,4
27,2,2,3,1,2,1,3,5,3.88,4,3.8,3.75,0,0,3315,1125,3315,1125,111,111,10,4
27,1,2,3,2,1,1,3,1,4.35,4.38,4,4.75,1,1,1945,820,1428,303,48,48,4,3
30,2,2,1,2,1,2,3,5,3.82,3.88,3.6,4,0,0,3710,1060,3710,1060,124,124,11,4
27,2,2,5,2,1,1,2,1,3.71,3.5,3.8,4,0,0,1700,940,1700,940,57,57,6,3
26,2,2,5,2,2,1,2,5,3.41,3.63,3.4,3,0,0,2280,1700,2280,1700,76,76,7,4
29,2,2,2,1,2,1,4,1,3.65,4,4,2.5,1,1,665,395,588,318,20,20,2,2
43,2,1,1,1,1,2,2,1,3.71,3.75,3.6,3.75,0,0,4345,2220,4345,2220,145,145,13,4
27,2,2,1,2,1,1,3,1,4.06,4,4.2,4,0,0,2765,605,2765,605,92,92,8,4
42,2,1,5,1,2,1,2,1,3.88,3.88,4.2,3.5,0,0,2370,760,2370,760,79,79,7,4
29,2,1,1,2,2,1,3,1,4,4.13,3.8,4,0,0,3890,575,3890,575,130,130,11,4
32,2,2,5,2,2,2,2,1,3.47,3.25,3.8,3.5,0,0,3680,1490,3680,1490,123,123,11,4
24,2,2,5,2,2,2,1,2,3.71,3.75,3.6,3.75,0,0,1335,1000,1335,1000,45,45,4,3
47,2,1,3,2,1,2,3,1,3.71,3.88,3.4,3.75,0,0,2310,1335,2310,1335,77,77,7,4
29,2,2,5,1,1,2,3,1,3.06,2.75,3.6,3,1,1,3465,425,3085,45,103,103,9,4
26,2,2,5,2,2,1,2,1,4.29,4.5,4,4.25,1,1,2035,515,1836,316,61,61,7,3
26,2,2,1,2,2,2,3,1,4.35,4.13,4.8,4.25,1,1,1760,395,1622,257,54,54,6,3
25,2,2,2,1,2,1,3,1,3.35,3.38,3.2,3.5,1,1,2585,760,2138,313,71,71,7,3
26,2,2,3,1,2,1,3,1,3.82,3.75,4.2,3.5,1,1,2585,970,1972,357,66,66,7,3
25,2,2,2,2,1,1,3,3,4,4.13,4,3.75,0,0,1155,1155,1155,1155,39,39,4,3
28,2,1,5,2,1,1,2,4,3.24,2.75,4.2,3,0,0,2250,545,2250,545,75,75,7,4
26,2,1,1,2,1,2,2,1,4.71,4.88,4.4,4.75,0,0,3315,760,3315,760,111,111,10,4
25,2,2,3,2,1,1,1,1,3.24,2.88,3.8,3.25,1,1,2250,820,1777,347,59,59,6,3
32,2,2,2,2,1,1,2,4,4.29,4,4.6,4.5,1,1,4045,665,3482,102,116,116,10,4
29,2,2,2,2,2,1,2,1,3.59,3.63,3.6,3.5,0,1,2675,760,2264,349,75,75,7,4
32,2,2,1,1,1,1,3,1,3.76,3.38,4.4,3.75,1,1,2250,1060,1625,435,54,54,6,3
46,2,1,3,3,1,1,2,5,3.35,3.25,3.2,3.75,0,1,4345,695,3993,343,133,133,12,4
28,2,1,5,2,1,1,1,1,3.94,4,4,3.75,1,1,2950,1000,2204,254,73,73,7,4
24,2,2,5,2,1,1,3,1,3.53,3.75,3.8,2.75,0,0,1155,1155,1155,1155,39,39,4,3
25,2,2,2,1,1,1,1,5,2.71,2.88,2.6,2.5,1,1,1490,1490,1473,1473,49,49,6,3
29,2,1,2,2,1,2,3,1,4,4.5,3.8,3.25,0,0,2980,2980,2980,2980,99,99,9,4
28,2,2,1,2,2,1,2,5,3.88,3.75,4,4,0,0,3070,1365,3070,1365,102,102,9,4
25,2,2,5,2,2,2,2,1,3.29,3.63,3.2,2.75,1,1,1855,1125,1089,359,36,36,3,2
25,2,2,1,2,2,1,2,3,3.71,3.38,4.4,3.5,1,1,1640,760,1260,380,42,42,4,3
37,2,1,1,1,2,2,2,1,4.06,4.13,4.2,3.75,0,0,2585,1855,2585,1855,86,86,8,4
27,2,2,3,1,1,1,3,1,3.41,3.25,3.2,4,0,0,2765,1855,2765,1855,92,92,8,4
24,2,2,5,2,1,1,3,1,4.29,4.5,4.2,4,1,1,1305,760,711,166,24,24,2,2
36,1,1,2,1,2,1,1,1,3.65,3.63,4.4,2.75,1,1,3130,425,3068,363,102,102,9,4
27,2,2,5,2,2,1,3,1,3.35,3.38,3.6,3,0,0,1855,1855,1855,1855,62,62,7,3
31,2,1,2,3,1,2,2,4,4.35,4.75,4.2,3.75,0,0,2490,1395,2490,1395,83,83,7,4
31,2,2,5,2,2,1,2,1,4,3.88,4.2,4,0,0,2645,1275,2645,1275,88,88,8,4
30,2,2,5,1,2,2,2,5,3.18,2.88,3.8,3,0,0,4045,2220,4045,2220,135,135,12,4
37,2,2,5,1,1,1,3,5,3.59,3.5,3.8,3.5,1,1,2250,880,1670,300,56,56,6,3
29,2,2,5,2,2,1,2,1,4,4,4,4,1,1,2220,1155,1445,380,48,48,4,3
28,2,2,5,1,2,1,4,1,3.59,3,4.6,3.5,0,0,3980,3980,3980,3980,133,133,12,4
20,2,2,5,2,2,1,2,1,3.29,3.25,3.6,3,1,1,2645,695,2293,343,76,76,7,4
26,2,2,5,2,2,2,2,1,3.94,4,4,3.75,0,0,2370,1425,2370,1425,79,79,7,4
26,1,2,5,2,1,2,1,1,3.76,3.63,3.6,4.25,1,1,1245,425,1197,377,40,40,4,3
27,1,2,5,2,2,1,2,1,4.59,4.5,4.6,4.75,1,1,2095,1000,1382,287,46,46,4,3
28,2,1,3,2,1,2,1,5,3.65,3.25,4,4,0,0,2430,2430,2430,2430,81,81,7,4
24,2,2,1,2,2,2,3,1,4.35,4.25,4.6,4.25,1,1,1395,395,1318,318,44,44,4,3
32,2,2,3,2,2,1,1,5,3.76,3.88,4,3.25,1,1,2250,760,2050,560,68,68,7,3
27,2,2,5,1,1,2,1,1,3.47,3.5,3.6,3.25,0,0,3770,2430,3770,2430,126,126,11,4
29,1,2,1,2,2,1,1,1,4.35,4.25,4.4,4.5,0,0,3100,2735,3100,2735,103,103,9,4
24,2,2,5,1,2,2,3,1,3.65,3.63,3.6,3.75,0,0,1640,1490,1640,1490,55,55,6,3
27,2,2,5,2,1,1,3,3,3.88,3.75,4.2,3.75,1,1,1915,455,1454,-6,48,48,4,3
29,2,2,2,2,1,2,2,1,3.59,4,3.2,3.25,0,0,2220,2430,2220,2430,74,74,7,4
32,2,1,2,3,2,1,3,1,3.47,3.63,3.6,3,1,1,3770,635,3453,318,115,115,10,4
28,2,2,1,1,2,2,3,1,3.94,4,3.8,4,1,1,3010,695,2655,340,89,89,8,4
28,2,2,5,1,1,1,2,5,3.35,3,4,3.25,0,0,2950,1155,2950,1155,98,98,9,4
25,2,2,5,2,1,1,3,4,4.12,4.25,4,4,1,1,1395,1125,649,379,22,22,2,2
24,2,2,5,1,2,1,2,5,3.29,3.38,3.2,3.25,0,0,2765,1155,2765,1155,92,92,8,4
25,2,2,1,2,1,2,1,1,4.29,4,4.4,4.75,1,1,1855,1305,1687,1137,56,56,6,3
27,2,2,5,2,2,2,2,1,4.12,4.38,4,3.75,0,0,2220,2220,2220,2220,74,74,7,4
22,2,2,5,2,2,2,1,1,3.76,3.88,3.6,3.75,0,0,790,790,790,790,26,26,3,2
